sequence,publication_year,cover_date,parent_series,series,issue_number,publication_id,known_in_reference_data,owned,ownership_status,edition_status,original_owned,facsimile_owned,owned_uncertain,readable_copy_count,ordered_not_arrived,readable_via_collection,story_event_item_membership,shopping_status,shopping_priority,source_url,confidence,notes
1986.010,1986,1986,Batman,Batman Annual,10,PUB-BAT-ANN-0010,Yes,No,MISSING,NO CONFIRMED FACSIMILE,No,No,No,0,No,No,,BUY,HIGH,https://en.wikipedia.org/wiki/List_of_Batman_comics,verified,Annual publication reference: PUB-BAT-ANN-0010
1987.010,1987,1987,Batman,Batman Annual,11,PUB-BAT-ANN-0011,Yes,Yes,OWNED,OWNED - EDITION UNCLASSIFIED,No,No,Yes,1,No,No,,OWNED,HIGH,https://en.wikipedia.org/wiki/List_of_Batman_comics,verified,Publication alias: PUB-BAT-ANN-0011; Collection sheet: Batman row 329; Annual publication reference: PUB-BAT-ANN-0011
1988.010,1988,1988,Batman,Batman Annual,12,PUB-BAT-ANN-0012,Yes,No,MISSING,NO CONFIRMED FACSIMILE,No,No,No,0,No,No,,BUY,HIGH,https://en.wikipedia.org/wiki/List_of_Batman_comics,verified,Annual publication reference: PUB-BAT-ANN-0012
1989.010,1989,1989,Batman,Batman Annual,13,PUB-BAT-ANN-0013,Yes,Yes,OWNED,OWNED - EDITION UNCLASSIFIED,No,No,Yes,1,No,No,,OWNED,HIGH,https://en.wikipedia.org/wiki/List_of_Batman_comics,verified,Publication alias: PUB-BAT-ANN-0013; Collection sheet: Batman row 330; Annual publication reference: PUB-BAT-ANN-0013
1990.010,1990,1990,Batman,Batman Annual,14,PUB-BAT-ANN-0014,Yes,No,MISSING,NO CONFIRMED FACSIMILE,No,No,No,0,No,No,,BUY,HIGH,https://en.wikipedia.org/wiki/List_of_Batman_comics,verified,Annual publication reference: PUB-BAT-ANN-0014
1991.010,1991,1991,Batman,Batman Annual,15,PUB-BAT-ANN-0015,Yes,No,MISSING,NO CONFIRMED FACSIMILE,No,No,No,0,No,No,Armageddon 2001,BUY,HIGH,https://en.wikipedia.org/wiki/List_of_Batman_comics,verified,Annual publication reference: PUB-BAT-ANN-0015
1992.010,1992,1992,Batman,Batman Annual,16,PUB-BAT-ANN-0016,Yes,No,MISSING,NO CONFIRMED FACSIMILE,No,No,No,0,No,No,Eclipso: The Darkness Within,BUY,HIGH,https://en.wikipedia.org/wiki/List_of_Batman_comics,verified,Annual publication reference: PUB-BAT-ANN-0016
1993.010,1993,1993,Batman,Batman Annual,17,PUB-BAT-ANN-0017,Yes,Yes,OWNED,OWNED - EDITION UNCLASSIFIED,No,No,Yes,1,No,No,Bloodlines,OWNED,HIGH,https://en.wikipedia.org/wiki/Publication_history_of_DC_Comics_crossover_events,verified,Collection sheet: Batman row 327; Annual publication reference: PUB-BAT-ANN-0017
1994.010,1994,1994,Batman,Batman Annual,18,PUB-BAT-ANN-0018,Yes,Yes,OWNED,OWNED - EDITION UNCLASSIFIED,No,No,Yes,1,No,No,Elseworlds Annual,OWNED,HIGH,https://en.wikipedia.org/wiki/List_of_Batman_comics,verified,Collection sheet: Batman row 328; Annual publication reference: PUB-BAT-ANN-0018
1995.010,1995,1995,Batman,Batman Annual,19,PUB-BAT-ANN-0019,Yes,No,MISSING,NO CONFIRMED FACSIMILE,No,No,No,0,No,No,Year One annuals,BUY,HIGH,https://en.wikipedia.org/wiki/List_of_Batman_comics,verified,Annual publication reference: PUB-BAT-ANN-0019
1996.010,1996,1996,Batman,Batman Annual,20,PUB-BAT-ANN-0020,Yes,No,MISSING,NO CONFIRMED FACSIMILE,No,No,No,0,No,No,Legends of the Dead Earth,BUY,HIGH,https://en.wikipedia.org/wiki/List_of_Batman_comics,verified,Annual publication reference: PUB-BAT-ANN-0020
1997.010,1997,1997,Batman,Batman Annual,21,PUB-BAT-ANN-0021,Yes,No,MISSING,NO CONFIRMED FACSIMILE,No,No,No,0,No,No,Pulp Heroes,BUY,HIGH,https://en.wikipedia.org/wiki/List_of_Batman_comics,verified,Annual publication reference: PUB-BAT-ANN-0021
1998.010,1998,1998,Batman,Batman Annual,22,PUB-BAT-ANN-0022,Yes,No,MISSING,NO CONFIRMED FACSIMILE,No,No,No,0,No,No,Ghosts,BUY,HIGH,https://en.wikipedia.org/wiki/List_of_Batman_comics,verified,Annual publication reference: PUB-BAT-ANN-0022
1999.010,1999,1999,Batman,Batman Annual,23,PUB-BAT-ANN-0023,Yes,No,MISSING,NO CONFIRMED FACSIMILE,No,No,No,0,No,No,JLApe,BUY,HIGH,https://en.wikipedia.org/wiki/List_of_Batman_comics,verified,Annual publication reference: PUB-BAT-ANN-0023
1988.020,1988,1988,Detective Comics,Detective Comics Annual,1,PUB-DET-ANN-0001,Yes,Yes,OWNED,OWNED - EDITION UNCLASSIFIED,No,No,Yes,1,No,No,,OWNED,,https://en.wikipedia.org/wiki/List_of_Batman_comics,verified,Collection sheet: Batman row 582; Annual publication reference: PUB-DET-ANN-0001
1989.020,1989,1989,Detective Comics,Detective Comics Annual,2,PUB-DET-ANN-0002,Yes,Yes,OWNED,OWNED - EDITION UNCLASSIFIED,No,No,Yes,1,No,No,,OWNED,,https://en.wikipedia.org/wiki/List_of_Batman_comics,verified,Collection sheet: Batman row 583; Annual publication reference: PUB-DET-ANN-0002
1990.020,1990,1990,Detective Comics,Detective Comics Annual,3,PUB-DET-ANN-0003,Yes,Yes,OWNED,OWNED - EDITION UNCLASSIFIED,No,No,Yes,1,No,No,,OWNED,,https://en.wikipedia.org/wiki/List_of_Batman_comics,verified,Collection sheet: Batman row 584; Annual publication reference: PUB-DET-ANN-0003
1991.020,1991,1991,Detective Comics,Detective Comics Annual,4,PUB-DET-ANN-0004,Yes,Yes,OWNED,OWNED - EDITION UNCLASSIFIED,No,No,Yes,1,No,No,Armageddon 2001,OWNED,,https://en.wikipedia.org/wiki/List_of_Batman_comics,verified,Collection sheet: Batman row 585; Annual publication reference: PUB-DET-ANN-0004
1992.020,1992,1992,Detective Comics,Detective Comics Annual,5,PUB-DET-ANN-0005,Yes,Yes,OWNED,OWNED - EDITION UNCLASSIFIED,No,No,Yes,1,No,No,Eclipso: The Darkness Within,OWNED,,https://en.wikipedia.org/wiki/List_of_Batman_comics,verified,Collection sheet: Batman row 586; Annual publication reference: PUB-DET-ANN-0005
1993.020,1993,1993,Detective Comics,Detective Comics Annual,6,PUB-DET-ANN-0006,Yes,Yes,OWNED,OWNED - EDITION UNCLASSIFIED,No,No,Yes,1,No,No,Bloodlines,OWNED,,https://en.wikipedia.org/wiki/Publication_history_of_DC_Comics_crossover_events,verified,Collection sheet: Batman row 587; Annual publication reference: PUB-DET-ANN-0006
1994.020,1994,1994,Detective Comics,Detective Comics Annual,7,PUB-DET-ANN-0007,Yes,Yes,OWNED,OWNED - EDITION UNCLASSIFIED,No,No,Yes,1,No,No,Elseworlds Annual,OWNED,,https://en.wikipedia.org/wiki/List_of_Batman_comics,verified,Collection sheet: Batman row 588; Annual publication reference: PUB-DET-ANN-0007
1995.020,1995,1995,Detective Comics,Detective Comics Annual,8,PUB-DET-ANN-0008,Yes,No,MISSING,NO CONFIRMED FACSIMILE,No,No,No,0,No,No,Year One annuals,BUY,,https://en.wikipedia.org/wiki/List_of_Batman_comics,verified,Annual publication reference: PUB-DET-ANN-0008
1996.020,1996,1996,Detective Comics,Detective Comics Annual,9,PUB-DET-ANN-0009,Yes,Yes,OWNED,OWNED - EDITION UNCLASSIFIED,No,No,Yes,1,No,No,Legends of the Dead Earth,OWNED,,https://en.wikipedia.org/wiki/List_of_Batman_comics,verified,Collection sheet: Batman row 589; Annual publication reference: PUB-DET-ANN-0009
1997.020,1997,1997,Detective Comics,Detective Comics Annual,10,PUB-DET-ANN-0010,Yes,No,MISSING,NO CONFIRMED FACSIMILE,No,No,No,0,No,No,Pulp Heroes,BUY,,https://en.wikipedia.org/wiki/List_of_Batman_comics,verified,Annual publication reference: PUB-DET-ANN-0010
1991.030,1991,1991,Legends of the Dark Knight,Batman: Legends of the Dark Knight Annual,1,PUB-LOTDK-ANN-0001,Yes,Yes,OWNED,OWNED - EDITION UNCLASSIFIED,No,No,Yes,1,No,No,,OWNED,,https://en.wikipedia.org/wiki/List_of_DC_Comics_publications_%28K%E2%80%93O%29,verified,Collection sheet: Batman row 394; Annual publication reference: PUB-LOTDK-ANN-0001
1992.030,1992,1992,Legends of the Dark Knight,Batman: Legends of the Dark Knight Annual,2,PUB-LOTDK-ANN-0002,Yes,Yes,OWNED,OWNED - EDITION UNCLASSIFIED,No,No,Yes,1,No,No,Eclipso: The Darkness Within,OWNED,,https://en.wikipedia.org/wiki/List_of_DC_Comics_publications_%28K%E2%80%93O%29,verified,Collection sheet: Batman row 395; Annual publication reference: PUB-LOTDK-ANN-0002
1993.030,1993,1993,Batman: Legends of the Dark Knight,Batman: Legends of the Dark Knight Annual,3,PUB-LOTDK-ANN-0003,Yes,Yes,OWNED,OWNED - EDITION UNCLASSIFIED,No,No,Yes,1,No,No,Bloodlines,OWNED,,https://en.wikipedia.org/wiki/Publication_history_of_DC_Comics_crossover_events,verified,Collection sheet: Batman row 396; Annual publication reference: PUB-LOTDK-ANN-0003
1994.030,1994,1994,Batman: Legends of the Dark Knight,Batman: Legends of the Dark Knight Annual,4,PUB-LOTDK-ANN-0004,Yes,No,MISSING,NO CONFIRMED FACSIMILE,No,No,No,0,No,No,Elseworlds Annual,BUY,,https://en.wikipedia.org/wiki/List_of_Batman_comics,verified,Annual publication reference: PUB-LOTDK-ANN-0004
1995.030,1995,1995,Batman: Legends of the Dark Knight,Batman: Legends of the Dark Knight Annual,5,PUB-LOTDK-ANN-0005,Yes,No,MISSING,NO CONFIRMED FACSIMILE,No,No,No,0,No,No,Year One annuals,BUY,,https://en.wikipedia.org/wiki/List_of_Batman_comics,verified,Annual publication reference: PUB-LOTDK-ANN-0005
1996.030,1996,1996,Batman: Legends of the Dark Knight,Batman: Legends of the Dark Knight Annual,6,PUB-LOTDK-ANN-0006,Yes,Yes,OWNED,OWNED - EDITION UNCLASSIFIED,No,No,Yes,1,No,No,Legends of the Dead Earth,OWNED,,https://en.wikipedia.org/wiki/List_of_Batman_comics,verified,Collection sheet: Batman row 397; Annual publication reference: PUB-LOTDK-ANN-0006
1997.030,1997,1997,Batman: Legends of the Dark Knight,Batman: Legends of the Dark Knight Annual,7,PUB-LOTDK-ANN-0007,Yes,No,MISSING,NO CONFIRMED FACSIMILE,No,No,No,0,No,No,Pulp Heroes,BUY,,https://en.wikipedia.org/wiki/List_of_Batman_comics,verified,Annual publication reference: PUB-LOTDK-ANN-0007
1993.040,1993,1993,Batman: Shadow of the Bat,Batman: Shadow of the Bat Annual,1,PUB-SOTB-ANN-0001,Yes,Yes,OWNED,OWNED - EDITION UNCLASSIFIED,No,No,Yes,1,No,No,Bloodlines,OWNED,,https://en.wikipedia.org/wiki/Publication_history_of_DC_Comics_crossover_events,verified,Collection sheet: Batman row 398; Annual publication reference: PUB-SOTB-ANN-0001
1994.040,1994,1994,Batman: Shadow of the Bat,Batman: Shadow of the Bat Annual,2,PUB-SOTB-ANN-0002,Yes,No,MISSING,NO CONFIRMED FACSIMILE,No,No,No,0,No,No,Elseworlds Annual,BUY,,https://en.wikipedia.org/wiki/List_of_Batman_comics,verified,Annual publication reference: PUB-SOTB-ANN-0002
1995.040,1995,1995,Batman: Shadow of the Bat,Batman: Shadow of the Bat Annual,3,PUB-SOTB-ANN-0003,Yes,Yes,OWNED,OWNED - EDITION UNCLASSIFIED,No,No,Yes,1,No,No,Year One annuals,OWNED,,https://en.wikipedia.org/wiki/List_of_Batman_comics,verified,Collection sheet: Batman row 399; Annual publication reference: PUB-SOTB-ANN-0003
1996.040,1996,1996,Batman: Shadow of the Bat,Batman: Shadow of the Bat Annual,4,PUB-SOTB-ANN-0004,Yes,No,MISSING,NO CONFIRMED FACSIMILE,No,No,No,0,No,No,Legends of the Dead Earth,BUY,,https://en.wikipedia.org/wiki/List_of_Batman_comics,verified,Annual publication reference: PUB-SOTB-ANN-0004
1997.040,1997,1997,Batman: Shadow of the Bat,Batman: Shadow of the Bat Annual,5,PUB-SOTB-ANN-0005,Yes,No,MISSING,NO CONFIRMED FACSIMILE,No,No,No,0,No,No,Pulp Heroes,BUY,,https://en.wikipedia.org/wiki/List_of_Batman_comics,verified,Annual publication reference: PUB-SOTB-ANN-0005
1992.050,1992,1992,Robin,Robin (Vol. 2) Annual,1,PUB-ROBIN-V2-ANN-0001,Yes,No,MISSING,NO CONFIRMED FACSIMILE,No,No,No,0,No,No,,BUY,,https://en.wikipedia.org/wiki/List_of_Batman_comics,verified,Annual publication reference: PUB-ROBIN-V2-ANN-0001
1993.050,1993,1993,Robin,Robin (Vol. 2) Annual,2,PUB-ROBIN-V2-ANN-0002,Yes,Yes,OWNED,OWNED - EDITION UNCLASSIFIED,No,No,Yes,1,No,No,Bloodlines,OWNED,,https://en.wikipedia.org/wiki/Publication_history_of_DC_Comics_crossover_events,verified,Collection sheet: Batman row 621; Annual publication reference: PUB-ROBIN-V2-ANN-0002
1994.050,1994,1994,Robin,Robin (Vol. 2) Annual,3,PUB-ROBIN-V2-ANN-0003,Yes,No,MISSING,NO CONFIRMED FACSIMILE,No,No,No,0,No,No,Elseworlds Annual,BUY,,https://en.wikipedia.org/wiki/List_of_Batman_comics,verified,Annual publication reference: PUB-ROBIN-V2-ANN-0003
1995.050,1995,1995,Robin,Robin (Vol. 2) Annual,4,PUB-ROBIN-V2-ANN-0004,Yes,Yes,OWNED,OWNED - EDITION UNCLASSIFIED,No,No,Yes,1,No,No,Year One annuals,OWNED,,https://en.wikipedia.org/wiki/List_of_Batman_comics,verified,Collection sheet: Batman row 622; Annual publication reference: PUB-ROBIN-V2-ANN-0004
1996.050,1996,1996,Robin,Robin (Vol. 2) Annual,5,PUB-ROBIN-V2-ANN-0005,Yes,No,MISSING,NO CONFIRMED FACSIMILE,No,No,No,0,No,No,Legends of the Dead Earth,BUY,,https://en.wikipedia.org/wiki/List_of_Batman_comics,verified,Annual publication reference: PUB-ROBIN-V2-ANN-0005
1997.050,1997,1997,Robin,Robin (Vol. 2) Annual,6,PUB-ROBIN-V2-ANN-0006,Yes,No,MISSING,NO CONFIRMED FACSIMILE,No,No,No,0,No,No,Pulp Heroes,BUY,,https://en.wikipedia.org/wiki/List_of_Batman_comics,verified,Annual publication reference: PUB-ROBIN-V2-ANN-0006
1994.060,1994,1994,Catwoman,Catwoman (Vol.2) Annual,1,PUB-CATWOMAN-V2-ANN-0001,Yes,Yes,OWNED,OWNED - EDITION UNCLASSIFIED,No,No,Yes,1,No,No,Elseworlds Annual,OWNED,,https://en.wikipedia.org/wiki/Catwoman,verified,Collection sheet: Batman row 411; Annual publication reference: PUB-CATWOMAN-V2-ANN-0001
1995.060,1995,1995,Catwoman,Catwoman (Vol.2) Annual,2,PUB-CATWOMAN-V2-ANN-0002,Yes,Yes,OWNED,OWNED - EDITION UNCLASSIFIED,No,No,Yes,1,No,No,Year One annuals,OWNED,,https://en.wikipedia.org/wiki/Catwoman,verified,Collection sheet: Batman row 412; Annual publication reference: PUB-CATWOMAN-V2-ANN-0002
1996.060,1996,1996,Catwoman,Catwoman (Vol.2) Annual,3,PUB-CATWOMAN-V2-ANN-0003,Yes,Yes,OWNED,OWNED - EDITION UNCLASSIFIED,No,No,Yes,1,No,No,Legends of the Dead Earth,OWNED,,https://en.wikipedia.org/wiki/Catwoman,verified,Collection sheet: Batman row 413; Annual publication reference: PUB-CATWOMAN-V2-ANN-0003
1997.060,1997,1997,Catwoman,Catwoman (Vol.2) Annual,4,PUB-CATWOMAN-V2-ANN-0004,Yes,Yes,OWNED,OWNED - EDITION UNCLASSIFIED,No,No,Yes,1,No,No,Pulp Heroes,OWNED,,https://en.wikipedia.org/wiki/Catwoman,verified,Collection sheet: Batman row 414; Annual publication reference: PUB-CATWOMAN-V2-ANN-0004
1995.070,1995,1995,Azrael,Azrael Annual,1,PUB-AZRAEL-ANN-0001,Yes,No,MISSING,NO CONFIRMED FACSIMILE,No,No,No,0,No,No,Year One annuals,BUY,,https://en.wikipedia.org/wiki/List_of_Batman_comics,verified,Annual publication reference: PUB-AZRAEL-ANN-0001
1996.070,1996,1996,Azrael,Azrael Annual,2,PUB-AZRAEL-ANN-0002,Yes,Yes,OWNED,OWNED - EDITION UNCLASSIFIED,No,No,Yes,1,No,No,Legends of the Dead Earth,OWNED,,https://en.wikipedia.org/wiki/List_of_Batman_comics,verified,Collection sheet: Batman row 168; Annual publication reference: PUB-AZRAEL-ANN-0002
1997.070,1997,1997,Azrael,Azrael Annual,3,PUB-AZRAEL-ANN-0003,Yes,No,MISSING,NO CONFIRMED FACSIMILE,No,No,No,0,No,No,Pulp Heroes,BUY,,https://en.wikipedia.org/wiki/List_of_Batman_comics,verified,Annual publication reference: PUB-AZRAEL-ANN-0003
1997.080,1997,1997,Nightwing,Nightwing Annual,1,PUB-NIGHTWING-ANN-0001,Yes,No,MISSING,NO CONFIRMED FACSIMILE,No,No,No,0,No,No,Pulp Heroes,BUY,,https://en.wikipedia.org/wiki/List_of_DC_Comics_publications_%28K%E2%80%93O%29,verified,Annual publication reference: PUB-NIGHTWING-ANN-0001
1986.090,1986,1986,The Outsiders,The Outsiders Annual,1,PUB-OUTSIDERS-ANN-0001,Yes,No,MISSING,NO CONFIRMED FACSIMILE,No,No,No,0,No,No,,OPTIONAL,,https://en.wikipedia.org/wiki/List_of_Batman_comics,partial,Annual publication reference: PUB-OUTSIDERS-ANN-0001
